﻿[
    {
        "author":"Chinua Achebe",
        "language":"English",
        "pages":209,
        "title":"Things Fall Apart",
        "year":1958
    },
    {
        "author":"Hans Christian Andersen",
        "language":"Danish",
        "pages":784,
        "title":"Fairy tales",
        "year":1836
    },
    {
        "author":"Dante Alighieri",
        "language":"Italian",
        "pages":928,
        "title":"The Divine Comedy",
        "year":1315
    },
    {
        "author":"Unknown",
        "language":"Akkadian",
        "pages":160,
        "title":"The Epic Of Gilgamesh",
        "year":-1700
    },
    {
        "author":"Unknown",
        "language":"Hebrew",
        "pages":176,
        "title":"The Book Of Job",
        "year":-600
    },
    {
        "author":"Unknown",
        "language":"Arabic",
        "pages":288,
        "title":"One Thousand and One Nights",
        "year":1200
    },
    {
        "author":"Unknown",
        "language":"Old Norse",
        "pages":384,
        "title":"Njál's Saga",
        "year":1350
    },
    {
        "author":"Jane Austen",
        "language":"English",
        "pages":226,
        "title":"Pride and Prejudice",
        "year":1813
    },
    {
        "author":"Honoré de Balzac",
        "language":"French",
        "pages":443,
        "title":"Le Père Goriot",
        "year":1835
    },
    {
        "author":"Samuel Beckett",
        "language":"French, English",
        "pages":256,
        "title":"Molloy, Malone Dies, The Unnamable, the trilogy",
        "year":1952
    },
    {
        "author":"Giovanni Boccaccio",
        "language":"Italian",
        "pages":1024,
        "title":"The Decameron",
        "year":1351
    },
    {
        "author":"Jorge Luis Borges",
        "language":"Spanish",
        "pages":224,
        "title":"Ficciones",
        "year":1965
    },
    {
        "author":"Emily Brontë",
        "language":"English",
        "pages":342,
        "title":"Wuthering Heights",
        "year":1847
    },
    {
        "author":"Albert Camus",
        "language":"French",
        "pages":185,
        "title":"The Stranger",
        "year":1942
    },
    {
        "author":"Paul Celan",
        "language":"German",
        "pages":320,
        "title":"Poems",
        "year":1952
    },
    {
        "author":"Louis-Ferdinand Céline",
        "language":"French",
        "pages":505,
        "title":"Journey to the End of the Night",
        "year":1932
    },
    {
        "author":"Miguel de Cervantes",
        "language":"Spanish",
        "pages":1056,
        "title":"Don Quijote De La Mancha",
        "year":1610
    },
    {
        "author":"Geoffrey Chaucer",
        "language":"English",
        "pages":544,
        "title":"The Canterbury Tales",
        "year":1450
    },
    {
        "author":"Anton Chekhov",
        "language":"Russian",
        "pages":194,
        "title":"Stories",
        "year":1886
    },
    {
        "author":"Joseph Conrad",
        "language":"English",
        "pages":320,
        "title":"Nostromo",
        "year":1904
    },
    {
        "author":"Charles Dickens",
        "language":"English",
        "pages":194,
        "title":"Great Expectations",
        "year":1861
    },
    {
        "author":"Denis Diderot",
        "language":"French",
        "pages":596,
        "title":"Jacques the Fatalist",
        "year":1796
    },
    {
        "author":"Alfred Döblin",
        "language":"German",
        "pages":600,
        "title":"Berlin Alexanderplatz",
        "year":1929
    },
    {
        "author":"Fyodor Dostoevsky",
        "language":"Russian",
        "pages":551,
        "title":"Crime and Punishment",
        "year":1866
    },
    {
        "author":"Fyodor Dostoevsky",
        "language":"Russian",
        "pages":656,
        "title":"The Idiot",
        "year":1869
    },
    {
        "author":"Fyodor Dostoevsky",
        "language":"Russian",
        "pages":768,
        "title":"The Possessed",
        "year":1872
    },
    {
        "author":"Fyodor Dostoevsky",
        "language":"Russian",
        "pages":824,
        "title":"The Brothers Karamazov",
        "year":1880
    },
    {
        "author":"George Eliot",
        "language":"English",
        "pages":800,
        "title":"Middlemarch",
        "year":1871
    },
    {
        "author":"Ralph Ellison",
        "language":"English",
        "pages":581,
        "title":"Invisible Man",
        "year":1952
    },
    {
        "author":"Euripides",
        "language":"Greek",
        "pages":104,
        "title":"Medea",
        "year":-431
    },
    {
        "author":"William Faulkner",
        "language":"English",
        "pages":313,
        "title":"Absalom, Absalom!",
        "year":1936
    },
    {
        "author":"William Faulkner",
        "language":"English",
        "pages":326,
        "title":"The Sound and the Fury",
        "year":1929
    },
    {
        "author":"Gustave Flaubert",
        "language":"French",
        "pages":528,
        "title":"Madame Bovary",
        "year":1857
    },
    {
        "author":"Gustave Flaubert",
        "language":"French",
        "pages":606,
        "title":"Sentimental Education",
        "year":1869
    },
    {
        "author":"Federico García Lorca",
        "language":"Spanish",
        "pages":218,
        "title":"Gypsy Ballads",
        "year":1928
    },
    {
        "author":"Gabriel García Márquez",
        "language":"Spanish",
        "pages":417,
        "title":"One Hundred Years of Solitude",
        "year":1967
    },
    {
        "author":"Gabriel García Márquez",
        "language":"Spanish",
        "pages":368,
        "title":"Love in the Time of Cholera",
        "year":1985
    },
    {
        "author":"Johann Wolfgang von Goethe",
        "language":"German",
        "pages":158,
        "title":"Faust",
        "year":1832
    },
    {
        "author":"Nikolai Gogol",
        "language":"Russian",
        "pages":432,
        "title":"Dead Souls",
        "year":1842
    },
    {
        "author":"Günter Grass",
        "language":"German",
        "pages":600,
        "title":"The Tin Drum",
        "year":1959
    },
    {
        "author":"João Guimarães Rosa",
        "language":"Portuguese",
        "pages":494,
        "title":"The Devil to Pay in the Backlands",
        "year":1956
    },
    {
        "author":"Knut Hamsun",
        "language":"Norwegian",
        "pages":176,
        "title":"Hunger",
        "year":1890
    },
    {
        "author":"Ernest Hemingway",
        "language":"English",
        "pages":128,
        "title":"The Old Man and the Sea",
        "year":1952
    },
    {
        "author":"Homer",
        "language":"Greek",
        "pages":608,
        "title":"Iliad",
        "year":-735
    },
    {
        "author":"Homer",
        "language":"Greek",
        "pages":374,
        "title":"Odyssey",
        "year":-800
    },
    {
        "author":"Henrik Ibsen",
        "language":"Norwegian",
        "pages":68,
        "title":"A Doll's House",
        "year":1879
    },
    {
        "author":"James Joyce",
        "language":"English",
        "pages":228,
        "title":"Ulysses",
        "year":1922
    },
    {
        "author":"Franz Kafka",
        "language":"German",
        "pages":488,
        "title":"Stories",
        "year":1924
    },
    {
        "author":"Franz Kafka",
        "language":"German",
        "pages":160,
        "title":"The Trial",
        "year":1925
    },
    {
        "author":"Franz Kafka",
        "language":"German",
        "pages":352,
        "title":"The Castle",
        "year":1926
    },
    {
        "author":"Kālidāsa",
        "language":"Sanskrit",
        "pages":147,
        "title":"The recognition of Shakuntala",
        "year":150
    },
    {
        "author":"Yasunari Kawabata",
        "language":"Japanese",
        "pages":288,
        "title":"The Sound of the Mountain",
        "year":1954
    },
    {
        "author":"Nikos Kazantzakis",
        "language":"Greek",
        "pages":368,
        "title":"Zorba the Greek",
        "year":1946
    },
    {
        "author":"D. H. Lawrence",
        "language":"English",
        "pages":432,
        "title":"Sons and Lovers",
        "year":1913
    },
    {
        "author":"Halldór Laxness",
        "language":"Icelandic",
        "pages":470,
        "title":"Independent People",
        "year":1934
    },
    {
        "author":"Giacomo Leopardi",
        "language":"Italian",
        "pages":184,
        "title":"Poems",
        "year":1818
    },
    {
        "author":"Doris Lessing",
        "language":"English",
        "pages":688,
        "title":"The Golden Notebook",
        "year":1962
    },
    {
        "author":"Astrid Lindgren",
        "language":"Swedish",
        "pages":160,
        "title":"Pippi Longstocking",
        "year":1945
    },
    {
        "author":"Lu Xun",
        "language":"Chinese",
        "pages":389,
        "title":"Diary of a Madman",
        "year":1918
    },
    {
        "author":"Naguib Mahfouz",
        "language":"Arabic",
        "pages":355,
        "title":"Children of Gebelawi",
        "year":1959
    },
    {
        "author":"Thomas Mann",
        "language":"German",
        "pages":736,
        "title":"Buddenbrooks",
        "year":1901
    },
    {
        "author":"Thomas Mann",
        "language":"German",
        "pages":720,
        "title":"The Magic Mountain",
        "year":1924
    },
    {
        "author":"Herman Melville",
        "language":"English",
        "pages":378,
        "title":"Moby Dick",
        "year":1851
    },
    {
        "author":"Michel de Montaigne",
        "language":"French",
        "pages":404,
        "title":"Essays",
        "year":1595
    },
    {
        "author":"Elsa Morante",
        "language":"Italian",
        "pages":600,
        "title":"History",
        "year":1974
    },
    {
        "author":"Toni Morrison",
        "language":"English",
        "pages":321,
        "title":"Beloved",
        "year":1987
    },
    {
        "author":"Murasaki Shikibu",
        "language":"Japanese",
        "pages":1360,
        "title":"The Tale of Genji",
        "year":1006
    },
    {
        "author":"Robert Musil",
        "language":"German",
        "pages":365,
        "title":"The Man Without Qualities",
        "year":1931
    },
    {
        "author":"Vladimir Nabokov",
        "language":"English",
        "pages":317,
        "title":"Lolita",
        "year":1955
    },
    {
        "author":"George Orwell",
        "language":"English",
        "pages":272,
        "title":"Nineteen Eighty-Four",
        "year":1949
    },
    {
        "author":"Ovid",
        "language":"Classical Latin",
        "pages":576,
        "title":"Metamorphoses",
        "year":100
    },
    {
        "author":"Fernando Pessoa",
        "language":"Portuguese",
        "pages":272,
        "title":"The Book of Disquiet",
        "year":1928
    },
    {
        "author":"Edgar Allan Poe",
        "language":"English",
        "pages":842,
        "title":"Tales",
        "year":1950
    },
    {
        "author":"Marcel Proust",
        "language":"French",
        "pages":2408,
        "title":"In Search of Lost Time",
        "year":1920
    },
    {
        "author":"François Rabelais",
        "language":"French",
        "pages":623,
        "title":"Gargantua and Pantagruel",
        "year":1533
    },
    {
        "author":"Juan Rulfo",
        "language":"Spanish",
        "pages":124,
        "title":"Pedro Páramo",
        "year":1955
    },
    {
        "author":"Rumi",
        "language":"Persian",
        "pages":438,
        "title":"The Masnavi",
        "year":1236
    },
    {
        "author":"Salman Rushdie",
        "language":"English",
        "pages":536,
        "title":"Midnight's Children",
        "year":1981
    },
    {
        "author":"Saadi",
        "language":"Persian",
        "pages":298,
        "title":"Bostan",
        "year":1257
    },
    {
        "author":"Tayeb Salih",
        "language":"Arabic",
        "pages":139,
        "title":"Season of Migration to the North",
        "year":1966
    },
    {
        "author":"José Saramago",
        "language":"Portuguese",
        "pages":352,
        "title":"Blindness",
        "year":1995
    },
    {
        "author":"William Shakespeare",
        "language":"English",
        "pages":432,
        "title":"Hamlet",
        "year":1603
    },
    {
        "author":"William Shakespeare",
        "language":"English",
        "pages":384,
        "title":"King Lear",
        "year":1608
    },
    {
        "author":"William Shakespeare",
        "language":"English",
        "pages":314,
        "title":"Othello",
        "year":1609
    },
    {
        "author":"Sophocles",
        "language":"Greek",
        "pages":88,
        "title":"Oedipus the King",
        "year":-430
    },
    {
        "author":"Stendhal",
        "language":"French",
        "pages":576,
        "title":"The Red and the Black",
        "year":1830
    },
    {
        "author":"Laurence Sterne",
        "language":"English",
        "pages":640,
        "title":"The Life And Opinions of Tristram Shandy",
        "year":1760
    },
    {
        "author":"Italo Svevo",
        "language":"Italian",
        "pages":412,
        "title":"Confessions of Zeno",
        "year":1923
    },
    {
        "author":"Jonathan Swift",
        "language":"English",
        "pages":178,
        "title":"Gulliver's Travels",
        "year":1726
    },
    {
        "author":"Leo Tolstoy",
        "language":"Russian",
        "pages":1296,
        "title":"War and Peace",
        "year":1867
    },
    {
        "author":"Leo Tolstoy",
        "language":"Russian",
        "pages":864,
        "title":"Anna Karenina",
        "year":1877
    },
    {
        "author":"Leo Tolstoy",
        "language":"Russian",
        "pages":92,
        "title":"The Death of Ivan Ilyich",
        "year":1886
    },
    {
        "author":"Mark Twain",
        "language":"English",
        "pages":224,
        "title":"The Adventures of Huckleberry Finn",
        "year":1884
    },
    {
        "author":"Valmiki",
        "language":"Sanskrit",
        "pages":152,
        "title":"Ramayana",
        "year":-450
    },
    {
        "author":"Virgil",
        "language":"Classical Latin",
        "pages":442,
        "title":"The Aeneid",
        "year":-23
    },
    {
        "author":"Vyasa",
        "language":"Sanskrit",
        "pages":276,
        "title":"Mahabharata",
        "year":-700
    },
    {
        "author":"Walt Whitman",
        "language":"English",
        "pages":152,
        "title":"Leaves of Grass",
        "year":1855
    },
    {
        "author":"Virginia Woolf",
        "language":"English",
        "pages":216,
        "title":"Mrs Dalloway",
        "year":1925
    },
    {
        "author":"Virginia Woolf",
        "language":"English",
        "pages":209,
        "title":"To the Lighthouse",
        "year":1927
    },
    {
        "author":"Marguerite Yourcenar",
        "language":"French",
        "pages":408,
        "title":"Memoirs of Hadrian",
        "year":1951
    }
]